FirstName,LastName,EmailAddress,Address1,City,State,PostalCode,Company,PhoneNumber
Michael,Johnson,michael.johnson@techcore.example.com,1423 Main Street,New York,NY,10001,TechCore Solutions,(212) 555-0101
Jennifer,Williams,jennifer.williams@innovateusa.example.com,2847 Park Avenue,Los Angeles,CA,90001,Innovate USA,(213) 555-0102
David,Martinez,david.martinez@bluewave.example.com,3651 Broadway,Chicago,IL,60601,BlueWave Industries,(312) 555-0103
Sarah,Chen,sarah.chen@globalreach.example.com,4729 Fifth Avenue,Houston,TX,77001,Global Reach Corp,(713) 555-0104
Christopher,Brown,christopher.brown@nextstep.example.com,5843 Washington Street,Phoenix,AZ,85001,NextStep Technologies,(602) 555-0105
Lisa,Garcia,lisa.garcia@primesolutions.example.com,6957 Jefferson Road,Philadelphia,PA,19101,Prime Solutions Inc,(215) 555-0106
Robert,Davis,robert.davis@skylinegroup.example.com,7168 Madison Avenue,San Antonio,TX,78201,Skyline Group,(210) 555-0107
Maria,Rodriguez,maria.rodriguez@venturetech.example.com,8274 Adams Street,San Diego,CA,92101,VentureTech LLC,(619) 555-0108
James,Wilson,james.wilson@horizonworks.example.com,9385 Monroe Drive,Dallas,TX,75201,Horizon Works,(214) 555-0109
Patricia,Nguyen,patricia.nguyen@stellarventures.example.com,1092 Lincoln Boulevard,San Jose,CA,95101,Stellar Ventures,(408) 555-0110
William,Anderson,william.anderson@apexcorp.example.com,2148 Jackson Lane,Austin,TX,78701,Apex Corporation,(512) 555-0111
Linda,Thomas,linda.thomas@momentumtech.example.com,3259 Harrison Court,Jacksonville,FL,32201,Momentum Tech,(904) 555-0112
Richard,Taylor,richard.taylor@vanguardgroup.example.com,4361 Tyler Place,Fort Worth,TX,76101,Vanguard Group,(817) 555-0113
Elizabeth,Patel,elizabeth.patel@fusionworks.example.com,5472 Polk Avenue,Columbus,OH,43201,Fusion Works Inc,(614) 555-0114
Joseph,Moore,joseph.moore@crescentcorp.example.com,6583 Grant Street,Charlotte,NC,28201,Crescent Corporation,(704) 555-0115
Susan,Lee,susan.lee@pulseventures.example.com,7694 Hayes Road,Indianapolis,IN,46201,Pulse Ventures,(317) 555-0116
Thomas,Jackson,thomas.jackson@summittech.example.com,8715 Garfield Drive,San Francisco,CA,94102,Summit Technologies,(415) 555-0117
Jessica,Kim,jessica.kim@orbitalsystems.example.com,9826 Arthur Boulevard,Seattle,WA,98101,Orbital Systems,(206) 555-0118
Charles,White,charles.white@dynamicgroup.example.com,1937 Cleveland Lane,Denver,CO,80202,Dynamic Group,(303) 555-0119
Karen,Harris,karen.harris@revolutionworks.example.com,2148 McKinley Court,Washington,DC,20001,Revolution Works,(202) 555-0120
Daniel,Thompson,daniel.thompson@vistaventures.example.com,3259 Roosevelt Place,Boston,MA,02101,Vista Ventures,(617) 555-0121
Nancy,Martin,nancy.martin@alpinetech.example.com,4361 Taft Avenue,Nashville,TN,37201,Alpine Technologies,(615) 555-0122
Matthew,Ahmed,matthew.ahmed@catalystcorp.example.com,5472 Wilson Street,Detroit,MI,48201,Catalyst Corporation,(313) 555-0123
Betty,Robinson,betty.robinson@pinnaclegroup.example.com,6583 Harding Road,Portland,OR,97201,Pinnacle Group,(503) 555-0124
Donald,Clark,donald.clark@evolutionsystems.example.com,7694 Coolidge Drive,Memphis,TN,38101,Evolution Systems,(901) 555-0125
Sandra,Hernandez,sandra.hernandez@compassworks.example.com,8715 Hoover Boulevard,Louisville,KY,40201,Compass Works LLC,(502) 555-0126
Mark,Lewis,mark.lewis@elementventures.example.com,9826 Eisenhower Lane,Baltimore,MD,21201,Element Ventures,(410) 555-0127
Ashley,Walker,ashley.walker@fluxtech.example.com,1937 Kennedy Court,Milwaukee,WI,53201,Flux Technologies,(414) 555-0128
Steven,Hall,steven.hall@prismcorp.example.com,2148 Johnson Place,Albuquerque,NM,87101,Prism Corporation,(505) 555-0129
Kimberly,Ramirez,kimberly.ramirez@beacongroup.example.com,3259 Nixon Avenue,Tucson,AZ,85701,Beacon Group,(520) 555-0130
Paul,Young,paul.young@quantumsystems.example.com,4361 Ford Street,Fresno,CA,93701,Quantum Systems,(559) 555-0131
Donna,Allen,donna.allen@magnacorp.example.com,5472 Carter Road,Sacramento,CA,95814,Magna Corporation,(916) 555-0132
Joshua,King,joshua.king@radianceventures.example.com,6583 Reagan Drive,Mesa,AZ,85201,Radiance Ventures,(480) 555-0133
Michelle,Wright,michelle.wright@stratosystems.example.com,7694 Bush Boulevard,Kansas City,MO,64101,Strato Systems Inc,(816) 555-0134
Kevin,Lopez,kevin.lopez@velocityworks.example.com,8715 Clinton Lane,Atlanta,GA,30301,Velocity Works,(404) 555-0135
Emily,Scott,emily.scott@propeltech.example.com,9826 Obama Court,Long Beach,CA,90801,Propel Technologies,(562) 555-0136
Brian,Torres,brian.torres@spectrumgroup.example.com,1937 Truman Place,Virginia Beach,VA,23451,Spectrum Group,(757) 555-0137
Amanda,Green,amanda.green@impactventures.example.com,2148 Eisenhower Avenue,Oakland,CA,94601,Impact Ventures LLC,(510) 555-0138
George,Flores,george.flores@focuscorp.example.com,3259 Kennedy Street,Raleigh,NC,27601,Focus Corporation,(919) 555-0139
Melissa,Rivera,melissa.rivera@vertexsystems.example.com,4361 Reagan Road,Omaha,NE,68101,Vertex Systems,(402) 555-0140
Jason,Adams,jason.adams@thrivetech.example.com,5472 Madison Drive,Miami,FL,33101,Thrive Technologies,(305) 555-0141
Laura,Campbell,laura.campbell@firstwavecorp.example.com,6583 Jefferson Boulevard,Cleveland,OH,44101,FirstWave Corporation,(216) 555-0142
Anthony,Sanchez,anthony.sanchez@breakthroughgroup.example.com,7694 Washington Lane,Tulsa,OK,74101,Breakthrough Group,(918) 555-0143
Stephanie,Morales,stephanie.morales@advanceventures.example.com,8715 Adams Court,Minneapolis,MN,55401,Advance Ventures,(612) 555-0144
Ryan,Gomez,ryan.gomez@cresttech.example.com,9826 Monroe Place,Wichita,KS,67201,Crest Technologies,(316) 555-0145
Rebecca,Reyes,rebecca.reyes@unitysystems.example.com,1937 Lincoln Avenue,New Orleans,LA,70112,Unity Systems Inc,(504) 555-0146
Jeffrey,Cruz,jeffrey.cruz@ascendcorp.example.com,2148 Jackson Street,Arlington,TX,76010,Ascend Corporation,(817) 555-0147
Deborah,Gutierrez,deborah.gutierrez@eclipseworks.example.com,3259 Tyler Road,Bakersfield,CA,93301,Eclipse Works,(661) 555-0148
Jacob,Diaz,jacob.diaz@zenithventures.example.com,4361 Polk Drive,Tampa,FL,33601,Zenith Ventures LLC,(813) 555-0149
Cynthia,Mitchell,cynthia.mitchell@infinitytech.example.com,5472 Grant Boulevard,Aurora,CO,80010,Infinity Technologies,(720) 555-0150
Gary,Perez,gary.perez@corpsolutions.example.com,6583 Hayes Lane,Anaheim,CA,92801,Corp Solutions,(714) 555-0151
Carolyn,Roberts,carolyn.roberts@fundamentalgroup.example.com,7694 Harrison Court,Santa Ana,CA,92701,Fundamental Group,(714) 555-0152
Eric,Turner,eric.turner@empowercorp.example.com,8715 Garfield Place,St. Louis,MO,63101,Empower Corporation,(314) 555-0153
Rachel,Phillips,rachel.phillips@integritysystems.example.com,9826 Arthur Avenue,Riverside,CA,92501,Integrity Systems,(951) 555-0154
Timothy,Jimenez,timothy.jimenez@grandventures.example.com,1937 Cleveland Street,Corpus Christi,TX,78401,Grand Ventures Inc,(361) 555-0155
Amy,Khan,amy.khan@optimatech.example.com,2148 McKinley Road,Lexington,KY,40507,Optima Technologies,(859) 555-0156
Patrick,Watson,patrick.watson@nexusworks.example.com,3259 Roosevelt Drive,Pittsburgh,PA,15201,Nexus Works LLC,(412) 555-0157
Angela,Brooks,angela.brooks@meridiangroup.example.com,4361 Taft Boulevard,Anchorage,AK,99501,Meridian Group,(907) 555-0158
Gregory,Kelly,gregory.kelly@sentinelcorp.example.com,5472 Wilson Lane,Stockton,CA,95201,Sentinel Corporation,(209) 555-0159
Kathleen,Sullivan,kathleen.sullivan@summitsystems.example.com,6583 Harding Court,Cincinnati,OH,45201,Summit Systems Inc,(513) 555-0160
Dennis,Bennett,dennis.bennett@titanventures.example.com,7694 Coolidge Place,St. Paul,MN,55101,Titan Ventures,(651) 555-0161
Samantha,Barnes,samantha.barnes@prodigycorp.example.com,8715 Hoover Avenue,Toledo,OH,43601,Prodigy Corporation,(419) 555-0162
Frank,Howard,frank.howard@empiretech.example.com,9826 Eisenhower Street,Newark,NJ,07101,Empire Technologies,(973) 555-0163
Brenda,Price,brenda.price@pioneerworks.example.com,1937 Kennedy Road,Greensboro,NC,27401,Pioneer Works LLC,(336) 555-0164
Douglas,Ross,douglas.ross@strategygroup.example.com,2148 Johnson Drive,Plano,TX,75023,Strategy Group,(972) 555-0165
Julie,Coleman,julie.coleman@visionventures.example.com,3259 Nixon Boulevard,Henderson,NV,89002,Vision Ventures,(702) 555-0166
Edward,Jenkins,edward.jenkins@mastersystems.example.com,4361 Ford Lane,Lincoln,NE,68501,Master Systems Inc,(402) 555-0167
Catherine,Perry,catherine.perry@proventech.example.com,5472 Carter Court,Buffalo,NY,14201,Proven Technologies,(716) 555-0168
Ronald,Powell,ronald.powell@trustedcorp.example.com,6583 Reagan Place,Fort Wayne,IN,46801,Trusted Corporation,(260) 555-0169
Heather,Long,heather.long@reliableworks.example.com,7694 Bush Avenue,Chandler,AZ,85224,Reliable Works,(480) 555-0170
Scott,Patterson,scott.patterson@certifiedgroup.example.com,8715 Clinton Street,Chula Vista,CA,91910,Certified Group,(619) 555-0171
Ruth,Hughes,ruth.hughes@qualityventures.example.com,9826 Obama Road,Lubbock,TX,79401,Quality Ventures LLC,(806) 555-0172
Nicholas,Ramirez,nicholas.ramirez@precisioncorp.example.com,1937 Truman Drive,Laredo,TX,78040,Precision Corporation,(956) 555-0173
Diane,Flores,diane.flores@premiertech.example.com,2148 Eisenhower Boulevard,Durham,NC,27701,Premier Technologies,(919) 555-0174
Tyler,Washington,tyler.washington@leadingworks.example.com,3259 Kennedy Lane,Madison,WI,53701,Leading Works Inc,(608) 555-0175
Madison,Butler,madison.butler@principlegroup.example.com,4361 Reagan Court,Garland,TX,75040,Principle Group,(972) 555-0176
Nathan,Simmons,nathan.simmons@sovereignsystems.example.com,5472 Madison Place,Scottsdale,AZ,85251,Sovereign Systems,(480) 555-0177
Olivia,Foster,olivia.foster@libertyventures.example.com,6583 Jefferson Avenue,Reno,NV,89501,Liberty Ventures LLC,(775) 555-0178
Andrew,Gonzales,andrew.gonzales@freedomcorp.example.com,7694 Washington Street,Hialeah,FL,33010,Freedom Corporation,(305) 555-0179
Emma,Bryant,emma.bryant@americantech.example.com,8715 Adams Road,Irving,TX,75060,American Technologies,(972) 555-0180
Zachary,Alexander,zachary.alexander@nationalworks.example.com,9826 Monroe Drive,Baton Rouge,LA,70801,National Works Inc,(225) 555-0181
Ethan,Russell,ethan.russell@unitedgroup.example.com,1937 Lincoln Boulevard,Chesapeake,VA,23320,United Group,(757) 555-0182
Sophia,Griffin,sophia.griffin@allianceventures.example.com,2148 Jackson Lane,Winston-Salem,NC,27101,Alliance Ventures,(336) 555-0183
Benjamin,Diaz,benjamin.diaz@partnershipcorp.example.com,3259 Tyler Court,Glendale,AZ,85301,Partnership Corporation,(623) 555-0184
Isabella,Hayes,isabella.hayes@collaborativetech.example.com,4361 Polk Place,Norfolk,VA,23501,Collaborative Technologies,(757) 555-0185
Jack,Myers,jack.myers@cooperativeworks.example.com,5472 Grant Avenue,North Las Vegas,NV,89030,Cooperative Works LLC,(702) 555-0186
Mia,Ford,mia.ford@commongroup.example.com,6583 Hayes Street,Gilbert,AZ,85233,Common Group,(480) 555-0187
Samuel,Hamilton,samuel.hamilton@mutualsystems.example.com,7694 Harrison Road,Hialeah,FL,33012,Mutual Systems Inc,(305) 555-0188
Ava,Graham,ava.graham@sharedventures.example.com,8715 Garfield Drive,Raleigh,NC,27601,Shared Ventures,(919) 555-0189
Henry,Sullivan,henry.sullivan@jointcorp.example.com,9826 Arthur Boulevard,Irving,TX,75061,Joint Corporation,(972) 555-0190
Grace,Wallace,grace.wallace@combinedtech.example.com,1937 Cleveland Lane,Chesapeake,VA,23321,Combined Technologies,(757) 555-0191
Alexander,Woods,alexander.woods@integratedworks.example.com,2148 McKinley Court,Orlando,FL,32801,Integrated Works LLC,(407) 555-0192
Chloe,Cole,chloe.cole@consolidatedgroup.example.com,3259 Roosevelt Place,Irvine,CA,92602,Consolidated Group,(949) 555-0193
Dylan,West,dylan.west@mergedventures.example.com,4361 Taft Avenue,Chula Vista,CA,91911,Merged Ventures Inc,(619) 555-0194
Lily,Jordan,lily.jordan@federalcorp.example.com,5472 Wilson Street,Fort Wayne,IN,46802,Federal Corporation,(260) 555-0195
Carter,Owens,carter.owens@statetech.example.com,6583 Harding Road,Laredo,TX,78041,State Technologies,(956) 555-0196
Zoey,Reynolds,zoey.reynolds@regionalworks.example.com,7694 Coolidge Drive,Durham,NC,27703,Regional Works LLC,(919) 555-0197
Andrei,Popescu,andrei.popescu@momentumgroup.example.com,359 Redbud Lane,Atlanta,GA,30303,Momentum Group,(404) 555-0198
Sakura,Nakamura,sakura.nakamura@vanguardcorp.example.com,461 Sweetgum Road,Omaha,NE,68101,Vanguard Corporation,(402) 555-0199
Layla,Ibrahim,layla.ibrahim@nextwavetech.example.com,572 Buckeye Court,Miami,FL,33131,NextWave Technologies,(305) 555-0200
Mateo,Ramirez,mateo.ramirez@synergysystems.example.com,683 Hawthorn Avenue,Oakland,CA,94601,Synergy Systems,(510) 555-0201
Freya,Larsen,freya.larsen@optimaventures.example.com,794 Tupelo Drive,Minneapolis,MN,55402,Optima Ventures,(612) 555-0202
Rahul,Singh,rahul.singh@velocitygroup.example.com,816 Hackberry Place,Wichita,KS,67201,Velocity Group,(316) 555-0203
Zara,Malik,zara.malik@pulsenetworks.example.com,927 Serviceberry Way,New Orleans,LA,70112,Pulse Networks,(504) 555-0204
Diego,Morales,diego.morales@ascendcorp.example.com,138 Mulberry Street,Cleveland,OH,44101,Ascend Corporation,(216) 555-0205
Anya,Kovalenko,anya.kovalenko@eclipsesolutions.example.com,249 Linden Lane,Tampa,FL,33601,Eclipse Solutions,(813) 555-0206
Kenji,Fujimoto,kenji.fujimoto@infinitytech.example.com,351 Persimmon Road,Bakersfield,CA,93301,Infinity Technologies,(661) 555-0207
Amina,Yusuf,amina.yusuf@coreventures.example.com,462 Chinkapin Court,Aurora,CO,80010,Core Ventures Inc,(720) 555-0208
Nikolai,Sokolov,nikolai.sokolov@quantumbridge.example.com,573 Basswood Avenue,Anaheim,CA,92801,Quantum Bridge LLC,(714) 555-0209
Luna,Martinez,luna.martinez@focusgroup.example.com,684 Boxelder Drive,Santa Ana,CA,92701,Focus Group Partners,(714) 555-0210
Arjun,Kapoor,arjun.kapoor@stratosystems.example.com,795 Hornbeam Place,St. Louis,MO,63101,Strato Systems,(314) 555-0211
Elsa,Johansson,elsa.johansson@elementcorp.example.com,817 Larch Way,Riverside,CA,92501,Element Corporation,(951) 555-0212
Rashid,Abdullah,rashid.abdullah@spectrumsolutions.example.com,928 Yellowwood Street,Corpus Christi,TX,78401,Spectrum Solutions,(361) 555-0213
Camila,Santos,camila.santos@dynamicventures.example.com,139 Catalpa Lane,Lexington,KY,40507,Dynamic Ventures,(859) 555-0214
Viktor,Nowak,viktor.nowak@vertexnetworks.example.com,241 Ginkgo Road,Pittsburgh,PA,15201,Vertex Networks,(412) 555-0215
Hana,Kim,hana.kim@orbitaltech.example.com,352 Planetree Court,Anchorage,AK,99501,Orbital Technologies,(907) 555-0216
Tariq,Ahmed,tariq.ahmed@propelgroup.example.com,463 Pawpaw Avenue,Stockton,CA,95201,Propel Group Inc,(209) 555-0217
Astrid,Schmidt,astrid.schmidt@impactcorp.example.com,574 Yellowpoplar Drive,Cincinnati,OH,45201,Impact Corporation,(513) 555-0218
Ravi,Gupta,ravi.gupta@prodigyventures.example.com,685 Sourwood Place,St. Paul,MN,55101,Prodigy Ventures,(651) 555-0219
Zuri,Kamau,zuri.kamau@empiretech.example.com,796 Silverbell Way,Toledo,OH,43601,Empire Technologies,(419) 555-0220
Alessandro,Romano,alessandro.romano@fusionsystems.example.com,818 Redbay Street,Newark,NJ,07101,Fusion Systems LLC,(973) 555-0221
Yara,Mansour,yara.mansour@radiancecorp.example.com,929 Persea Lane,Greensboro,NC,27401,Radiance Corporation,(336) 555-0222
Luca,Bianchi,luca.bianchi@momenttech.example.com,141 Fringe Road,Plano,TX,75023,Moment Technologies,(972) 555-0223
Noor,Rahman,noor.rahman@pivotventures.example.com,242 Satinleaf Court,Henderson,NV,89002,Pivot Ventures Group,(702) 555-0224